ident,             JDTDB,                      X,                      Y,                      Z,              VX (km/s),              VY (km/s),              VZ (km/s),             mass (kg),          radius (km),  color1,   color2,    color3,
       Sun, 2451866.5, -745861.5060052568, -708614.1541709184, 24346.88872636642, 0.01359374835740099, -0.007786179287109707, -0.0002943289475127709, 1.988544e+30, 696300.0, 253.0, 184.0, 19.0, 9
   Mercury, 2451866.5, -45172935.78327334, 25764975.50068034, 6264649.60588303, -34.9066470220598, -39.8093391614042, -0.04660091449030546, 3.302e+23, 2440.0, 219.0, 206.0, 202.0, 1
     Venus, 2451866.5, 99091059.02164924, -43661291.30154074, -6325348.095597714, 13.65820724498068, 32.01160699107672, -0.3502305803944594, 4.8685e+24, 6051.8, 139.0, 125.0, 130.0, 2
     Earth, 2451866.5, 82057627.51046057, 121801145.4395286, 23784.80782674998, -25.14405665688727, 16.57074397883348, -0.00132351736262315, 5.97219e+24, 6371.01, 0.0, 119.0, 190.0, 3
      Moon, 2451866.5, 81784691.93957016, 122050755.2334991, 40807.41083999723, -25.87331023437149, 15.80927929813006, 0.0812889882647303, 7.349e+22, 1738.0, 214.0, 213.0, 192.0, 0
      Mars, 2451866.5, -238324703.999901, 73666905.8337169, 7421703.803013884, -6.313886052660593, -21.06319795212671, -0.285832026712983, 6.4185e+23, 3389.9, 114.0, 81.0, 48.0, 4
   Jupiter, 2451866.5, 314499417.7694016, 683017269.7590714, -9871804.295091152, -12.02982864776125, 6.087266916217894, 0.2440248660455286, 8.9813e+26, 69911.0, 165.0, 145.0, 134.0, 5
    Saturn, 2451866.5, 733435975.8518109, 1148368555.743734, -49166334.33454669, -8.64796178843715, 5.180052186729605, 0.2533371030007183, 5.68319e+26, 58232.0, 227.0, 224.0, 192.0, 6
    Uranus, 2451866.5, 2282718652.39974, -1922967035.271948, -36720879.04811978, 4.337579816019148, 4.891419430500989, -0.03809138765018538, 8.68103e+25, 25362.0, 225.0, 238.0, 238.0, 7
   Neptune, 2451866.5, 2636857079.506151, -3651947383.257841, 14435993.18342543, 4.371921158058286, 3.212882559333475, -0.1675040968494748, 1.0241e+26, 24624.0, 115.0, 172.0, 172.0, 8
     Pluto, 2451866.5, -1331679949.686997, -4254987307.93032, 840507409.6760093, 5.293995497352054, -2.526447433015523, -1.27058665930116, 1.307e+22, 1195.0, 246.0, 221.0, 189.0, 0
     Bennu, 2451866.5, 151601520.0677994, -41919448.19543569, -4931513.686473252, 2.113842210264089, 29.67250679356081, 3.121818672458366, 78000000000.0, 0.2, 128.0, 128.0, 128.0, 0
Collisions: 
Closeness: 

       Sun, 2451988.166667573, -599593.5765174198, -782593.766832737, 21105.741648607203, 0.014027361273288809, -0.006271317452099271, -0.00031402185813382907, 1.988544e+30, 696300.0, 253.0, 184.0, 19.0, 9
   Mercury, 2451988.166667573, -8967400.667517003, -69786658.55984083, -4847856.798453589, 38.62406795173526, -3.409404557043872, -3.8220573155334865, 3.302e+23, 2440.0, 219.0, 206.0, 202.0, 1
     Venus, 2451988.166667573, -107158329.7462468, 13134124.511505065, 6361831.988451783, -4.72190313742413, -34.887745189295806, -0.2037662581176348, 4.8685e+24, 6051.8, 139.0, 125.0, 130.0, 2
     Earth, 2451988.166667573, -149529862.8968697, 1490965.6496806846, 21342.2289147171, -0.9389839875168309, -29.912265116093742, 0.0007816391489425709, 5.97219e+24, 6371.01, 0.0, 119.0, 190.0, 3
      Moon, 2451988.166667573, -149327055.56684792, 1140591.286622441, 10492.271779425753, -0.0998050335687602, -29.438268491798524, -0.0807174888577028, 7.349e+22, 1738.0, 214.0, 213.0, 192.0, 0
      Mars, 2451988.166667573, -186963829.771385, -146082135.40797985, 1558123.2795563133, 15.826713595547329, -17.045636685245007, -0.745886875100532, 6.4185e+23, 3389.9, 114.0, 81.0, 48.0, 4
   Jupiter, 2451988.166667573, 183399285.76742253, 735018405.615594, -7153135.057825483, -12.839327600116611, 3.7869469987109263, 0.2716556994837418, 8.9813e+26, 69911.0, 165.0, 145.0, 134.0, 5
    Saturn, 2451988.166667573, 640487764.0231216, 1199439634.3944852, -46363066.577358484, -9.028072500514556, 4.531345205160055, 0.27977578944687986, 5.68319e+26, 58232.0, 227.0, 224.0, 192.0, 6
    Uranus, 2451988.166667573, 2327681673.1982737, -1871023212.2949018, -37111128.771091126, 4.216680387196823, 4.990856428185137, -0.03615435276579579, 8.68103e+25, 25362.0, 225.0, 238.0, 238.0, 7
   Neptune, 2451988.166667573, 2682601688.0841117, -3617881138.8310065, 12674076.023298055, 4.331275973245758, 3.2684298697771608, -0.16771156816647256, 1.0241e+26, 24624.0, 115.0, 172.0, 172.0, 8
     Pluto, 2451988.166667573, -1275926400.2931247, -4281210652.934591, 827085369.9660888, 5.31345173885144, -2.4627576113872482, -1.2830308580170615, 1.307e+22, 1195.0, 246.0, 221.0, 189.0, 0
     Bennu, 2451988.166667573, -85786984.911694, 116987770.39509909, 12782593.027540619, -28.671336521924477, -14.445574530830886, -1.408623755784008, 78000000000.0, 0.2, 128.0, 128.0, 128.0, 0
Collisions: 
Closeness:      Bennu and      Earth; 132534960.20772031

       Sun, 2452403.212966962, -88849.27192313057, -937287.9566315006, 9050.569670754534, 0.014102567552172679, -0.0021119923068473423, -0.00035118990129371307, 1.988544e+30, 696300.0, 253.0, 184.0, 19.0, 9
   Mercury, 2452403.212966962, -59067323.80371196, -9803995.20407802, 4697792.285326035, -2.8677424247282426, -46.0913927586895, -3.5009502728808894, 3.302e+23, 2440.0, 219.0, 206.0, 202.0, 1
     Venus, 2452403.212966962, -48502335.41060734, 94931533.67079291, 4114230.345252529, -31.37551400401692, -15.979521515050433, 1.5930061607801616, 4.8685e+24, 6051.8, 139.0, 125.0, 130.0, 2
     Earth, 2452403.212966962, -101211211.28729121, -113069565.79053392, 10146.203617869958, 21.651435491588536, -20.080170446803592, -0.0005911786147171834, 5.97219e+24, 6371.01, 0.0, 119.0, 190.0, 3
      Moon, 2452403.212966962, -100810745.73703918, -113020078.32090889, -24588.44828931753, 21.52606813457503, -19.118275081596952, 0.028487177328200098, 7.349e+22, 1738.0, 214.0, 213.0, 192.0, 0
      Mars, 2452403.212966962, -20287579.231511235, 234775237.91971865, 5442847.048002436, -23.204648124879945, -0.013090699622741828, 0.570036335630819, 6.4185e+23, 3389.9, 114.0, 81.0, 48.0, 4
   Jupiter, 2452403.212966962, -282629632.3016803, 726904836.213049, 3309840.5715710176, -12.34210923513944, -4.111125669049776, 0.29323819061048484, 8.9813e+26, 69911.0, 165.0, 145.0, 134.0, 5
    Saturn, 2452403.212966962, 298672081.0827264, 1319429676.198574, -34870541.727608345, -9.929340275725666, 2.1164727492939095, 0.35771898188839596, 5.68319e+26, 58232.0, 227.0, 224.0, 192.0, 6
    Uranus, 2452403.212966962, 2471287345.891497, -1686261899.995601, -38287517.512479804, 3.7886722679573674, 5.307963576968011, -0.0294268446913978, 8.68103e+25, 25362.0, 225.0, 238.0, 238.0, 7
   Neptune, 2452403.212966962, 2835364290.3301935, -3497328614.7490406, 6649942.098211496, 4.187315695451381, 3.4540644545697496, -0.16821684903088713, 1.0241e+26, 24624.0, 115.0, 172.0, 172.0, 8
     Pluto, 2452403.212966962, -1084286804.0253336, -4365618070.433341, 780339960.1279134, 5.373002729696573, -2.2446794704228936, -1.323582231557181, 1.307e+22, 1195.0, 246.0, 221.0, 189.0, 0
     Bennu, 2452403.212966962, -22359645.946808964, 134222149.75912017, 14351696.96405288, -33.68285808906469, -2.4210805350734885, -0.12135325630938344, 78000000000.0, 0.2, 128.0, 128.0, 128.0, 0
Collisions: 
Closeness:      Bennu and      Earth; 259954690.95589635

       Sun, 2452445.2037080154, -38106.68425708138, -944225.8368640544, 7785.379643999336, 0.013869983503541034, -0.0017357774798149729, -0.00034654086736052796, 1.988544e+30, 696300.0, 253.0, 184.0, 19.0, 9
   Mercury, 2452445.2037080154, 44036488.49947401, -44184490.82050516, -7569741.003295116, 24.51049780011513, 37.060113535816235, 0.7789815359352175, 3.302e+23, 2440.0, 219.0, 206.0, 202.0, 1
     Venus, 2452445.2037080154, -107228345.0326295, -10285878.123536978, 6067070.461413299, 2.828202364111155, -35.0469443238641, -0.6419436402446204, 4.8685e+24, 6051.8, 139.0, 125.0, 130.0, 2
     Earth, 2452445.2037080154, -4650137.422909559, -152881925.70280463, 8321.846064070776, 29.300113823342922, -1.0115055914023054, 0.000299163603793539, 5.97219e+24, 6371.01, 0.0, 119.0, 190.0, 3
      Moon, 2452445.2037080154, -4993330.4235683605, -153015240.77484232, 36693.21349306137, 29.67721236474918, -2.0024916015014007, -0.0530702403671877, 7.349e+22, 1738.0, 214.0, 213.0, 192.0, 0
      Mars, 2452445.2037080154, -101430374.56892009, 219782369.86638665, 7123029.809616569, -21.082595668150457, -8.055745144301541, 0.3493893380160373, 6.4185e+23, 3389.9, 114.0, 81.0, 48.0, 4
   Jupiter, 2452445.2037080154, -326862308.0451099, 710667302.093358, 4367004.750511639, -12.035053535514656, -4.836106177982711, 0.2893717424967709, 8.9813e+26, 69911.0, 165.0, 145.0, 134.0, 5
    Saturn, 2452445.2037080154, 262547138.00496864, 1326642272.9507275, -33560589.389941454, -9.984004250632315, 1.8593945684276592, 0.36437244285629805, 5.68319e+26, 58232.0, 227.0, 224.0, 192.0, 6
    Uranus, 2452445.2037080154, 2484951834.2971177, -1666949808.3130615, -38393026.75414799, 3.7440966605842334, 5.338104383348079, -0.028736945280622612, 8.68103e+25, 25362.0, 225.0, 238.0, 238.0, 7
   Neptune, 2452445.2037080154, 2850528651.2860184, -3484763791.4016533, 6039589.36865685, 4.172300461903757, 3.4725037720418346, -0.1682504826603434, 1.0241e+26, 24624.0, 115.0, 172.0, 172.0, 8
     Pluto, 2452445.2037080154, -1064783646.4592558, -4373721642.701272, 775530849.3651283, 5.378442978891187, -2.222564869805861, -1.3275200844947705, 1.307e+22, 1195.0, 246.0, 221.0, 189.0, 0
     Bennu, 2452445.2037080154, -126805196.74105187, 87254067.91959801, 9813646.52950103, -21.84597099871168, -21.145517402120362, -2.143229208452569, 78000000000.0, 0.2, 128.0, 128.0, 128.0, 0
Collisions: 
Closeness: 

       Sun, 2452796.7546365606, 362350.2661201496, -953848.2083233492, -2562.5917322880155, 0.012181105821682317, 0.0009652996050065227, -0.00033340081923758627, 1.988544e+30, 696300.0, 253.0, 184.0, 19.0, 9
   Mercury, 2452796.7546365606, 44031914.74885101, -44799056.559292994, -7592318.7872880725, 24.904170591142734, 36.6702182445911, 0.7107385768929538, 3.302e+23, 2440.0, 219.0, 206.0, 202.0, 1
     Venus, 2452796.7546365606, 96941100.87477206, 47970770.03864019, -4908029.270002896, -15.92589549747247, 31.095154793316205, 1.3448692525275585, 4.8685e+24, 6051.8, 139.0, 125.0, 130.0, 2
     Earth, 2452796.7546365606, -38443319.57207116, -147709605.97330943, -1798.995049574902, 28.331173426063785, -7.722187448291605, -0.00026175783767239916, 5.97219e+24, 6371.01, 0.0, 119.0, 190.0, 3
      Moon, 2452796.7546365606, -38761031.55278935, -147497142.25368732, 33412.27133231708, 27.80710569853215, -8.598653199322273, 8.69198107691786e-05, 7.349e+22, 1738.0, 214.0, 213.0, 192.0, 0
      Mars, 2452796.7546365606, 49456292.87361078, -208981340.9565834, -5566794.498860915, 24.516661330733374, 7.6485666664650225, -0.44227708038759905, 6.4185e+23, 3389.9, 114.0, 81.0, 48.0, 4
   Jupiter, 2452796.7546365606, -637706605.8666652, 482943084.1118429, 12267230.029618623, -8.055287765634615, -9.793655390696303, 0.2208670580362425, 8.9813e+26, 69911.0, 165.0, 145.0, 134.0, 5
    Saturn, 2452796.7546365606, -44696553.629652254, 1349932507.1913505, -21756221.525581807, -10.163087804293564, -0.33356350257425, 0.4097058887190578, 5.68319e+26, 58232.0, 227.0, 224.0, 192.0, 6
    Uranus, 2452796.7546365606, 2592915853.9041367, -1501130347.4154541, -39177546.81184633, 3.3624224969444243, 5.576103659747912, -0.022904624694752428, 8.68103e+25, 25362.0, 225.0, 238.0, 238.0, 7
   Neptune, 2452796.7546365606, 2975314893.7326555, -3376972521.7594433, 926220.5497040799, 4.0434109592463345, 3.6243240164648327, -0.1684056501236931, 1.0241e+26, 24624.0, 115.0, 172.0, 172.0, 8
     Pluto, 2452796.7546365606, -900771676.9940938, -4438415694.304692, 734720798.9129027, 5.4198132076614485, -2.037230085455668, -1.3592922480458607, 1.307e+22, 1195.0, 246.0, 221.0, 189.0, 0
     Bennu, 2452796.7546365606, 99386255.26376973, 92335167.36315702, 9442229.478659838, -25.109329476608853, 22.8718524369783, 2.5115199961802483, 78000000000.0, 0.2, 128.0, 128.0, 128.0, 0
Collisions: 
Closeness:      Bennu and      Earth; 276961503.4977968

       Sun, 2453023.9074160308, 587285.0236862027, -921566.821768686, -8802.28791759207, 0.010753074824557111, 0.0022510636344791842, -0.00030669198531070574, 1.988544e+30, 696300.0, 253.0, 184.0, 19.0, 9
   Mercury, 2453023.9074160308, -56284729.783936195, -29403165.815418575, 2883923.123421827, 11.787165032715578, -41.44745889283008, -4.467284963462048, 3.302e+23, 2440.0, 219.0, 206.0, 202.0, 1
     Venus, 2453023.9074160308, 93538265.92914295, 54512626.61405701, -4615801.3179106945, -18.03754015703078, 29.935237406619137, 1.450828186397322, 4.8685e+24, 6051.8, 139.0, 125.0, 130.0, 2
     Earth, 2453023.9074160308, -70020088.10121618, 128210967.98723358, -9709.237679984717, -26.627653011674003, -14.401433054266544, 0.000732069399907168, 5.97219e+24, 6371.01, 0.0, 119.0, 190.0, 3
      Moon, 2453023.9074160308, -70045289.78637958, 127849687.22365984, -29492.13037575274, -25.547879011448664, -14.467864098238689, -0.07386992598554894, 7.349e+22, 1738.0, 214.0, 213.0, 192.0, 0
      Mars, 2453023.9074160308, 108864890.28800817, 195325917.5757853, 1442139.8628823492, -20.27974260548448, 13.773117236883017, 0.786774820709081, 6.4185e+23, 3389.9, 114.0, 81.0, 48.0, 4
   Jupiter, 2453023.9074160308, -762104434.4380584, 270252498.7559989, 15932870.395985553, -4.537082213115624, -11.69328420684716, 0.1500148334374472, 8.9813e+26, 69911.0, 165.0, 145.0, 134.0, 5
    Saturn, 2453023.9074160308, -243009303.28493106, 1329449793.1345391, -13518108.495681461, -10.011230869508823, -1.7496551848135788, 0.4283475813132289, 5.68319e+26, 58232.0, 227.0, 224.0, 192.0, 6
    Uranus, 2453023.9074160308, 2656421723.426899, -1390302625.0292556, -39589690.60386917, 3.1082596352264793, 5.716022712770484, -0.01909005902264663, 8.68103e+25, 25362.0, 225.0, 238.0, 238.0, 7
   Neptune, 2453023.9074160308, 3053828209.021985, -3304900076.9020233, -2378866.56607696, 3.9571591662159262, 3.7199263453163383, -0.16838559477803947, 1.0241e+26, 24624.0, 115.0, 172.0, 172.0, 8
     Pluto, 2453023.9074160308, -794173687.810668, -4477222614.128094, 707851584.4161297, 5.4426103323164226, -1.917425428399059, -1.3786817547688877, 1.307e+22, 1195.0, 246.0, 221.0, 189.0, 0
     Bennu, 2453023.9074160308, -95987094.65286116, -178684835.2581513, -18373165.19054326, 19.774194757057177, -11.33661160556995, -1.2744411340246518, 78000000000.0, 0.2, 128.0, 128.0, 128.0, 0
Collisions: 
Closeness: 

       Sun, 2453206.3958433163, 743090.1019443822, -879171.983420057, -13378.267742239947, 0.009034534877578326, 0.002799558502144495, -0.0002734945728433431, 1.988544e+30, 696300.0, 253.0, 184.0, 19.0, 9
   Mercury, 2453206.3958433163, -45124899.92181526, -50236471.159597114, 163968.88405341143, 25.807146817837015, -30.94262972996859, -4.8959922758585845, 3.302e+23, 2440.0, 219.0, 206.0, 202.0, 1
     Venus, 2453206.3958433163, 88411652.95047168, -65258159.1609788, -5954163.844684013, 20.51964279291059, 28.08991999846475, -0.799969030565948, 4.8685e+24, 6051.8, 139.0, 125.0, 130.0, 2
     Earth, 2453206.3958433163, 71080329.66792575, -135655438.9477389, -12473.648187669662, 25.94021083331262, 13.678908762590932, -4.6769120452992137e-05, 5.97219e+24, 6371.01, 0.0, 119.0, 190.0, 3
      Moon, 2453206.3958433163, 70751044.14043044, -135434711.23960757, 20430.102547952076, 25.415073350910408, 12.83925314212532, -0.030563175268678335, 7.349e+22, 1738.0, 214.0, 213.0, 192.0, 0
      Mars, 2453206.3958433163, -209855848.81734398, 131698782.09883039, 7938941.004305672, -11.985561357457168, -18.43427207616641, -0.09182706504220893, 6.4185e+23, 3389.9, 114.0, 81.0, 48.0, 4
   Jupiter, 2453206.3958433163, -809470977.3761549, 79441875.16440731, 17784002.80895334, -1.449508897655078, -12.384047549849969, 0.08378540818366854, 8.9813e+26, 69911.0, 165.0, 145.0, 134.0, 5
    Saturn, 2453206.3958433163, -398887436.86464155, 1293068837.3865747, -6689345.280319039, -9.739687951447053, -2.859258033431387, 0.43689341715764396, 5.68319e+26, 58232.0, 227.0, 224.0, 192.0, 6
    Uranus, 2453206.3958433163, 2703793269.246278, -1299345762.867123, -39866379.76054676, 2.900140787278841, 5.820392559245251, -0.01600459973534733, 8.68103e+25, 25362.0, 225.0, 238.0, 238.0, 7
   Neptune, 2453206.3958433163, 3115663323.8422313, -3245652288.2849107, -5033215.215747805, 3.8862142042726777, 3.795265266889649, -0.16830095768509218, 1.0241e+26, 24624.0, 115.0, 172.0, 172.0, 8
     Pluto, 2453206.3958433163, -708230511.8153902, -4506696187.451157, 685995460.2903717, 5.458714555793237, -1.8212350898577347, -1.3936092552414008, 1.307e+22, 1195.0, 246.0, 221.0, 189.0, 0
     Bennu, 2453206.3958433163, 144111973.66829506, 25321191.280476213, 2181626.998064779, -10.584257207648564, 30.21031164588548, 3.2273992982872013, 78000000000.0, 0.2, 128.0, 128.0, 128.0, 0
Collisions: 
Closeness:      Bennu and      Earth; 176782099.15760097

       Sun, 2453602.611124046, 1000600.4065879191, -773026.2691482963, -21687.372525330327, 0.005780686990015781, 0.0029820895626823884, -0.0002033015107323081, 1.988544e+30, 696300.0, 253.0, 184.0, 19.0, 9
   Mercury, 2453602.611124046, 49229585.997113146, 13657482.047909772, -3268891.6110378583, -23.351603469488413, 48.84657230435293, 6.133695136722168, 3.302e+23, 2440.0, 219.0, 206.0, 202.0, 1
     Venus, 2453602.611124046, -53964873.44750937, -94230704.43834157, 1872499.0273940447, 29.94323437754303, -17.915741972729816, -1.973298975424881, 4.8685e+24, 6051.8, 139.0, 125.0, 130.0, 2
     Earth, 2453602.611124046, 128278975.36449611, -82709678.44372427, -20587.046559833718, 15.641014153234362, 24.92397982846618, -0.0013818200196257758, 5.97219e+24, 6371.01, 0.0, 119.0, 190.0, 3
      Moon, 2453602.611124046, 128601737.627221, -82863975.91482686, -41260.04942629313, 16.138449596312775, 25.900630022156083, 0.0723437731226012, 7.349e+22, 1738.0, 214.0, 213.0, 192.0, 0
      Mars, 2453602.611124046, 208573285.56000727, -9885799.292169284, -5312853.303210113, 2.0021177751038794, 26.282353004028792, 0.5013272605076744, 6.4185e+23, 3389.9, 114.0, 81.0, 48.0, 4
   Jupiter, 2453602.611124046, -743554421.6322325, -335816124.25244504, 18030628.356343906, 5.199106068198445, -11.296766340175287, -0.06951264771394179, 8.9813e+26, 69911.0, 165.0, 145.0, 134.0, 5
    Saturn, 2453602.611124046, -716468286.0958111, 1156052739.1752656, 8319509.56631307, -8.720688101599277, -5.098227782854577, 0.4354224413816975, 5.68319e+26, 58232.0, 227.0, 224.0, 192.0, 6
    Uranus, 2453602.611124046, 2795193309.0940747, -1096548321.7886858, -40298940.59084127, 2.437395503362011, 6.021893106655755, -0.009258178247954017, 8.68103e+25, 25362.0, 225.0, 238.0, 238.0, 7
   Neptune, 2453602.611124046, 3245997918.052247, -3112990121.266086, -10788737.696164688, 3.72723379566825, 3.9541980625207303, -0.16790684455538557, 1.0241e+26, 24624.0, 115.0, 172.0, 172.0, 8
     Pluto, 2453602.611124046, -520852265.2700584, -4565473111.93267, 637759576.648415, 5.487001262409583, -1.6128348613756842, -1.4240286126844464, 1.307e+22, 1195.0, 246.0, 221.0, 189.0, 0
     Bennu, 2453602.611124046, 145714762.35870916, -81779980.85631703, -9136307.903052758, 8.630859349202733, 27.01791704766833, 2.8152656928741915, 78000000000.0, 0.2, 128.0, 128.0, 128.0, 0
Collisions: 
Closeness: 

       Sun, 2453633.8958465015, 1015937.4799177813, -765137.5972240599, -22227.816562539934, 0.0055713668125129175, 0.0028534044519090817, -0.00019666485788902275, 1.988544e+30, 696300.0, 253.0, 184.0, 19.0, 9
   Mercury, 2453633.8958465015, -57837663.51613228, -7992037.500558093, 4788531.18565441, -4.183800378220586, -46.26469082023627, -3.3955978472066026, 3.302e+23, 2440.0, 219.0, 206.0, 202.0, 1
     Venus, 2453633.8958465015, 36691992.94354692, -103593580.32475182, -3488042.280420627, 32.85325972491389, 11.358229289862583, -1.7408313385604106, 4.8685e+24, 6051.8, 139.0, 125.0, 130.0, 2
     Earth, 2453633.8958465015, 151106168.05467522, -7173292.691052968, -22350.05096070428, 0.7985686129920928, 29.64025050825387, -0.0016757453643996452, 5.97219e+24, 6371.01, 0.0, 119.0, 190.0, 3
      Moon, 2453633.8958465015, 151426408.092606, -6983605.23564454, -12291.517159442405, 0.3166832367693611, 30.576856107260692, 0.09274151282967183, 7.349e+22, 1738.0, 214.0, 213.0, 192.0, 0
      Mars, 2453633.8958465015, 202918135.34569362, 60390335.320134275, -3701864.874407674, -6.085599827376777, 25.26541698063399, 0.6787492234596494, 6.4185e+23, 3389.9, 114.0, 81.0, 48.0, 4
   Jupiter, 2453633.8958465015, -728842260.5056858, -366043748.94614255, 17826712.494305953, 5.6849929476862435, -11.065936860258674, -0.08134399632645876, 8.9813e+26, 69911.0, 165.0, 145.0, 134.0, 5
    Saturn, 2453633.8958465015, -739900925.9249511, 1142050716.3855777, 9494778.783990066, -8.61706880132747, -5.261692862781075, 0.4341540743115598, 5.68319e+26, 58232.0, 227.0, 224.0, 192.0, 6
    Uranus, 2453633.8958465015, 2801731420.3339057, -1080251589.5889962, -40323242.569797315, 2.400275052259583, 6.036320515971245, -0.008723468943960384, 8.68103e+25, 25362.0, 225.0, 238.0, 238.0, 7
   Neptune, 2453633.8958465015, 3256055286.0916553, -3102285322.7925944, -11242531.638354165, 3.7143979124343054, 3.966470130715292, -0.16786345465619681, 1.0241e+26, 24624.0, 115.0, 172.0, 172.0, 8
     Pluto, 2453633.8958465015, -506018388.6460276, -4569810406.642377, 633907332.8693895, 5.488850113797773, -1.5964173829764758, -1.4263145776255344, 1.307e+22, 1195.0, 246.0, 221.0, 189.0, 0
     Bennu, 2453633.8958465015, 151507188.134433, -2423737.3141331696, -784472.7991707434, -5.106174819578995, 30.667813549174006, 3.261456093996591, 78000000000.0, 0.2, 128.0, 128.0, 128.0, 0
Collisions: 
Closeness:      Bennu and      Earth; 4826999.042499264

       Sun, 2453833.988440585, 1101720.1530089872, -718310.4259891218, -25408.90192754239, 0.004061431886705818, 0.0024926168638497925, -0.00015998871923075355, 1.988544e+30, 696300.0, 253.0, 184.0, 19.0, 9
   Mercury, 2453833.988440585, -9987733.07750174, -69415154.61926879, -4619966.54022394, 38.34405346648765, -5.309226234643821, -3.952647942500301, 3.302e+23, 2440.0, 219.0, 206.0, 202.0, 1
     Venus, 2453833.988440585, -35714885.39629591, -102854108.29742117, 702161.8504180261, 32.7047080225898, -12.027293327439958, -2.0521492387007143, 4.8685e+24, 6051.8, 139.0, 125.0, 130.0, 2
     Earth, 2453833.988440585, -140892499.82650727, -48374976.47383183, -24811.14356507965, 9.0010127143, -28.346024069158776, 0.0009945918850306143, 5.97219e+24, 6371.01, 0.0, 119.0, 190.0, 3
      Moon, 2453833.988440585, -141217385.6931123, -48134467.265393265, -372.0638748533833, 8.41272745439527, -29.111862573772516, -0.06559273834838934, 7.349e+22, 1738.0, 214.0, 213.0, 192.0, 0
      Mars, 2453833.988440585, -126746062.59183002, 207889016.9196395, 7486494.086043226, -19.73629225237571, -10.595982379433929, 0.26281629505799575, 6.4185e+23, 3389.9, 114.0, 81.0, 48.0, 4
   Jupiter, 2453833.988440585, -605215435.7799886, -541736791.8003739, 15788459.395256676, 8.535705408105281, -9.130900541224037, -0.1531692393862505, 8.9813e+26, 69911.0, 165.0, 145.0, 134.0, 5
    Saturn, 2453833.988440585, -882697675.9875461, 1042392884.5578, 16906586.81983329, -7.882627184932401, -6.250455689977159, 0.4222042490717964, 5.68319e+26, 58232.0, 227.0, 224.0, 192.0, 6
    Uranus, 2453833.988440585, 2841163663.2075343, -975129930.8945233, -40444462.15666194, 2.1610273938195417, 6.123402203722638, -0.005299181441065297, 8.68103e+25, 25362.0, 225.0, 238.0, 238.0, 7
   Neptune, 2453833.988440585, 3319554200.4757595, -3033040503.5442433, -14141894.771153469, 3.6313420026129593, 4.043979188489863, -0.16754347459554625, 1.0241e+26, 24624.0, 115.0, 172.0, 172.0, 8
     Pluto, 2453833.988440585, -411033012.91128826, -4596502589.809354, 609125279.6610905, 5.49936255300863, -1.4915834674393533, -1.4405352869174104, 1.307e+22, 1195.0, 246.0, 221.0, 189.0, 0
     Bennu, 2453833.988440585, -172199353.05957162, -75022304.5273507, -7208186.418762649, 5.913326539819679, -24.029356900530328, -2.5625723824802638, 78000000000.0, 0.2, 128.0, 128.0, 128.0, 0
Collisions: 
Closeness:      Bennu and      Earth; 41734877.02774928

       Sun, 2454178.30557278, 1194136.918435767, -673176.1230749027, -29496.338136237155, 0.0022833512334563067, 0.000627386002031643, -0.0001159880252382164, 1.988544e+30, 696300.0, 253.0, 184.0, 19.0, 9
   Mercury, 2454178.30557278, -32946807.254006743, -60592895.356836565, -1791629.3646469316, 32.52107245084757, -21.797835159388786, -4.765239749808744, 3.302e+23, 2440.0, 219.0, 206.0, 202.0, 1
     Venus, 2454178.30557278, 18862631.420262627, 105586780.2138826, 404567.97439366987, -34.669972607800176, 5.577094420533839, 2.0773800767560293, 4.8685e+24, 6051.8, 139.0, 125.0, 130.0, 2
     Earth, 2454178.30557278, -147593704.75049353, 4876848.610749861, -29392.45424125234, -1.5974655453123567, -29.89668398573146, -0.0009143490492667886, 5.97219e+24, 6371.01, 0.0, 119.0, 190.0, 3
      Moon, 2454178.30557278, -147235859.99897128, 4853014.4513516, -23590.90187645717, -1.5430966033425393, -28.80472002818853, 0.09832395660544083, 7.349e+22, 1738.0, 214.0, 213.0, 192.0, 0
      Mars, 2454178.30557278, 66530793.71849161, -202974976.93845886, -5873061.069983111, 23.979426545994613, 9.52691298673144, -0.38962530621446256, 6.4185e+23, 3389.9, 114.0, 81.0, 48.0, 4
   Jupiter, 2454178.30557278, -294675703.8130458, -744523817.0330137, 9679215.822172413, 11.977286186781326, -4.21047852483988, -0.25060825163210393, 8.9813e+26, 69911.0, 165.0, 145.0, 134.0, 5
    Saturn, 2454178.30557278, -1095348725.1550372, 834150233.3083216, 28987212.152680594, -6.365769651915046, -7.690556433759296, 0.3870329970319236, 5.68319e+26, 58232.0, 227.0, 224.0, 192.0, 6
    Uranus, 2454178.30557278, 2899247828.45387, -790984697.3772033, -40514343.672031544, 1.7426138252366452, 6.252018314970688, 0.0006012727870694842, 8.68103e+25, 25362.0, 225.0, 238.0, 238.0, 7
   Neptune, 2454178.30557278, 3425412170.586469, -2910799607.663509, -19115938.122487918, 3.484611987737813, 4.17330286830118, -0.16682106782518386, 1.0241e+26, 24624.0, 115.0, 172.0, 172.0, 8
     Pluto, 2454178.30557278, -247225042.9827864, -4638201769.316935, 565925740.8934015, 5.5122140623051745, -1.3120173893012264, -1.4633932073098237, 1.307e+22, 1195.0, 246.0, 221.0, 189.0, 0
     Bennu, 2454178.30557278, -87253524.79827227, 114965568.0843636, 12530562.387054885, -28.249284459344697, -15.113909589903944, -1.4884091227599423, 78000000000.0, 0.2, 128.0, 128.0, 128.0, 0
Collisions: 
Closeness:      Bennu and      Earth; 126167411.60898238

       Sun, 2454181.3148320615, 1194728.3637316492, -673014.7721857623, -29526.443058266814, 0.002266235717944418, 0.000613781542788468, -0.0001155873393565209, 1.988544e+30, 696300.0, 253.0, 184.0, 19.0, 9
   Mercury, 2454181.3148320615, -24066527.703815192, -65422821.08364463, -3001153.5978511563, 35.61040521617046, -15.323912612819496, -4.5198485297460795, 3.302e+23, 2440.0, 219.0, 206.0, 202.0, 1
     Venus, 2454181.3148320615, 9795580.970455194, 106652332.16597572, 942476.9513156528, -35.0334970450978, 2.625270220057906, 2.057974765166358, 4.8685e+24, 6051.8, 139.0, 125.0, 130.0, 2
     Earth, 2454181.3148320615, -147804840.1033526, -2900091.6590584586, -29580.296558646925, -0.03339775816763006, -29.911136164800016, -0.00043444894508154523, 5.97219e+24, 6371.01, 0.0, 119.0, 190.0, 3
      Moon, 2454181.3148320615, -147534479.9255067, -2660510.546933812, -2099.328611984741, -0.7213507819558063, -29.074964430108253, 0.05916824106113627, 7.349e+22, 1738.0, 214.0, 213.0, 192.0, 0
      Mars, 2454181.3148320615, 72733822.03987055, -200403475.6154909, -5971606.692141538, 23.733152907339797, 10.250278248571691, -0.36841885018576603, 6.4185e+23, 3389.9, 114.0, 81.0, 48.0, 4
   Jupiter, 2454181.3148320615, -291559021.7554503, -745612009.0348849, 9613972.656159103, 11.997081770690015, -4.16040536831111, -0.2512590765211542, 8.9813e+26, 69911.0, 165.0, 145.0, 134.0, 5
    Saturn, 2454181.3148320615, -1097001939.0020154, 832149254.0895774, 29087790.78602795, -6.35131247998755, -7.701544315323064, 0.38665006486445413, 5.68319e+26, 58232.0, 227.0, 224.0, 192.0, 6
    Uranus, 2454181.3148320615, 2899700426.432681, -789359041.4600068, -40514180.61224769, 1.7389231925837818, 6.253022991238622, 0.0006528348145953504, 8.68103e+25, 25362.0, 225.0, 238.0, 238.0, 7
   Neptune, 2454181.3148320615, 3426317999.641662, -2909714404.4132, -19159310.651682474, 3.483308774440731, 4.17441011586627, -0.16681379733557583, 1.0241e+26, 24624.0, 115.0, 172.0, 172.0, 8
     Pluto, 2454181.3148320615, -245791856.41499045, -4638542689.734898, 565545233.7540888, 5.5122975940393335, -1.3104533964967804, -1.4635840277083303, 1.307e+22, 1195.0, 246.0, 221.0, 189.0, 0
     Bennu, 2454181.3148320615, -94468383.4169028, 110872438.62718718, 12125797.390752047, -27.24489533833086, -16.35390049423165, -1.6233049844637193, 78000000000.0, 0.2, 128.0, 128.0, 128.0, 0
Collisions: 
Closeness: 

       Sun, 2454593.097242537, 1251671.0732193938, -706009.5477278235, -32698.449265013995, 0.0013132743513165222, -0.0024915780699791496, -7.646674124497706e-05, 1.988544e+30, 696300.0, 253.0, 184.0, 19.0, 9
   Mercury, 2454593.097242537, -44939368.849542685, 23656339.711197156, 6196485.9666623, -32.72995879461333, -41.034809162568024, -0.34866254900594834, 3.302e+23, 2440.0, 219.0, 206.0, 202.0, 1
     Venus, 2454593.097242537, 99346770.34678115, 45150047.421755776, -5066700.308396404, -14.942643786176747, 31.5743356586423, 1.2945742119370576, 4.8685e+24, 6051.8, 139.0, 125.0, 130.0, 2
     Earth, 2454593.097242537, -102679518.12933709, -110170811.707373, -31004.227653940925, 21.128112245264635, -20.636363449079727, 0.00041366774468241176, 5.97219e+24, 6371.01, 0.0, 119.0, 190.0, 3
      Moon, 2454593.097242537, -102529329.00457709, -109846889.64628306, -330.1878652185064, 20.139440159479197, -20.159335045368497, -0.017170985451338643, 7.349e+22, 1738.0, 214.0, 213.0, 192.0, 0
      Mars, 2454593.097242537, -221546906.24038172, 110651832.7632811, 7773858.3686507605, -9.920753327519582, -19.60825990893992, -0.16706677385812482, 6.4185e+23, 3389.9, 114.0, 81.0, 48.0, 4
   Jupiter, 2454593.097242537, 159268340.40433782, -763727826.4981525, -401475.2623904383, 12.630926892219765, 3.270771121287418, -0.29628770889467587, 8.9813e+26, 69911.0, 165.0, 145.0, 134.0, 5
    Saturn, 2454593.097242537, -1285960444.7449803, 534738846.25071734, 41781447.135246776, -4.227469519617597, -8.922155171005617, 0.3235344282236889, 5.68319e+26, 58232.0, 227.0, 224.0, 192.0, 6
    Uranus, 2454593.097242537, 2952526630.4482026, -564677672.1147275, -40365568.984858654, 1.229215444200604, 6.37078734309142, 0.007695868538167933, 8.68103e+25, 25362.0, 225.0, 238.0, 238.0, 7
   Neptune, 2454593.097242537, 3547035241.222334, -2758547585.8387537, -25074655.904079124, 3.301672075408204, 4.3220723073581375, -0.16566291283741313, 1.0241e+26, 24624.0, 115.0, 172.0, 172.0, 8
     Pluto, 2454593.097242537, -49526966.4289005, -4681370931.545246, 513026631.8862659, 5.519123261880786, -1.097480525168246, -1.4882436484414852, 1.307e+22, 1195.0, 246.0, 221.0, 189.0, 0
     Bennu, 2454593.097242537, -28480796.869765766, 133467064.49362423, 14259228.372313779, -33.42554537250515, -3.998045887486225, -0.2937861186297248, 78000000000.0, 0.2, 128.0, 128.0, 128.0, 0
Collisions: 
Closeness:      Bennu and      Earth; 255086407.98756737

       Sun, 2454760.018540077, 1271384.7031258962, -751253.9317454024, -33719.55704616326, 0.0015112014300178187, -0.003870042766056069, -6.58648442072013e-05, 1.988544e+30, 696300.0, 253.0, 184.0, 19.0, 9
   Mercury, 2454760.018540077, -8653999.217447646, 44713302.10226402, 4591479.4059622325, -57.350682474085424, -8.591630664331829, 4.56133875047842, 3.302e+23, 2440.0, 219.0, 206.0, 202.0, 1
     Venus, 2454760.018540077, 44495785.71405987, -100644532.17876531, -3895563.5514730737, 31.905033904890207, 13.781265731791995, -1.6527153212707892, 4.8685e+24, 6051.8, 139.0, 125.0, 130.0, 2
     Earth, 2454760.018540077, 133337618.42713165, 68098715.49425219, -35444.062132480176, -14.241925001783516, 26.301458071091083, 0.0005261649180845807, 5.97219e+24, 6371.01, 0.0, 119.0, 190.0, 3
      Moon, 2454760.018540077, 133224362.17800559, 68451036.67188847, -20182.99446495897, -15.257356913549915, 26.017984627214577, -0.08025596274597621, 7.349e+22, 1738.0, 214.0, 213.0, 192.0, 0
      Mars, 2454760.018540077, -148088289.48956245, -178220751.70213738, -82498.72368293203, 19.45476695344844, -13.532184765968676, -0.7614122422135674, 6.4185e+23, 3389.9, 114.0, 81.0, 48.0, 4
   Jupiter, 2454760.018540077, 334990074.15701145, -694603360.7274711, -4621508.400065952, 11.61087549885961, 6.285489865793403, -0.2859737930684879, 8.9813e+26, 69911.0, 165.0, 145.0, 134.0, 5
    Saturn, 2454760.018540077, -1340315559.278482, 403571024.6463317, 46228114.548083976, -3.306420411903562, -9.251631400411299, 0.29267852742277123, 5.68319e+26, 58232.0, 227.0, 224.0, 192.0, 6
    Uranus, 2454760.018540077, 2968749225.471151, -472527044.8804371, -40234066.57934775, 1.02030975185837, 6.407299724483645, 0.010538722037340484, 8.68103e+25, 25362.0, 225.0, 238.0, 238.0, 7
   Neptune, 2454760.018540077, 3594109046.768772, -2695797428.4209504, -27459908.198174052, 3.226216242851908, 4.3797123845306, -0.1651083643352894, 1.0241e+26, 24624.0, 115.0, 172.0, 172.0, 8
     Pluto, 2454760.018540077, 30073072.219099846, -4696580459.0134535, 491496413.949603, 5.519330585784211, -1.0118058960795315, -1.4974243156816622, 1.307e+22, 1195.0, 246.0, 221.0, 189.0, 0
     Bennu, 2454760.018540077, -114684611.54313429, -164576515.2371984, -16898966.95193249, 18.011778403405017, -14.26093604963554, -1.5757504937013822, 78000000000.0, 0.2, 128.0, 128.0, 128.0, 0
Collisions: 
Closeness: 

       Sun, 2454986.09493065, 1308891.2860951643, -839746.3190288234, -35111.030128153296, 0.002185432280419802, -0.0053327775665700395, -7.163612588772687e-05, 1.988544e+30, 696300.0, 253.0, 184.0, 19.0, 9
   Mercury, 2454986.09493065, 19983164.948294997, -65443439.99828694, -7026788.652895098, 37.0622243051933, 15.980733968421333, -2.0948352922044107, 3.302e+23, 2440.0, 219.0, 206.0, 202.0, 1
     Venus, 2454986.09493065, 48330817.754400186, -99010112.31294331, -4092998.2132492648, 31.34776164990364, 15.000425619727734, -1.6037345529310714, 4.8685e+24, 6051.8, 139.0, 125.0, 130.0, 2
     Earth, 2454986.09493065, -42542673.04109623, -146114459.8641439, -31722.650351757067, 28.02916252042373, -8.720301872507665, 0.00010626260650957332, 5.97219e+24, 6371.01, 0.0, 119.0, 190.0, 3
      Moon, 2454986.09493065, -42884637.17031669, -146300872.38875318, -66630.63565798083, 28.472255015176675, -9.623234619883092, -0.008053863511862285, 7.349e+22, 1738.0, 214.0, 213.0, 192.0, 0
      Mars, 2454986.09493065, 209488199.30053142, 12077450.1286269, -4878558.041986833, -0.5629797705877578, 26.249555370572438, 0.5638923852374783, 6.4185e+23, 3389.9, 114.0, 81.0, 48.0, 4
   Jupiter, 2454986.09493065, 538884059.5991336, -535403904.8738246, -9846129.101431796, 9.048501053662406, 9.887985139544453, -0.24358460139561086, 8.9813e+26, 69911.0, 165.0, 145.0, 134.0, 5
    Saturn, 2454986.09493065, -1392480268.5236564, 219721097.62744096, 51506184.72098454, -2.031315579486938, -9.543326841273322, 0.2470943582116907, 5.68319e+26, 58232.0, 227.0, 224.0, 192.0, 6
    Uranus, 2454986.09493065, 2985902186.6904497, -346972369.26732016, -39990741.576126054, 0.7357264661160978, 6.446345021572455, 0.014371549505746106, 8.68103e+25, 25362.0, 225.0, 238.0, 238.0, 7
   Neptune, 2454986.09493065, 3656115721.457489, -2609502467.624545, -30676997.23963231, 3.122396355129845, 4.455692696045465, -0.16427664038554354, 1.0241e+26, 24624.0, 115.0, 172.0, 172.0, 8
     Pluto, 2454986.09493065, 137866734.89340255, -4715216096.39845, 462131640.5920801, 5.5173153426332835, -0.8964550456517045, -1.5091168961367811, 1.307e+22, 1195.0, 246.0, 221.0, 189.0, 0
     Bennu, 2454986.09493065, 92415366.4983468, 99067081.08313495, 10172745.466955576, -26.657016256841057, 21.291615270369206, 2.352439334548532, 78000000000.0, 0.2, 128.0, 128.0, 128.0, 0
Collisions: 
Closeness:      Bennu and      Earth; 280056764.7069999

       Sun, 2455338.7222480923, 1413002.317450102, -1028848.383917067, -37902.15172862578, 0.004576584868542251, -0.006730162972119185, -0.0001117908032676685, 1.988544e+30, 696300.0, 253.0, 184.0, 19.0, 9
   Mercury, 2455338.7222480923, 22899098.779734436, -64326080.500405625, -7180960.312018293, 36.39936768646742, 18.100178149416962, -1.8604655866537303, 3.302e+23, 2440.0, 219.0, 206.0, 202.0, 1
     Venus, 2455338.7222480923, -81437310.84738451, 67181383.56114899, 5677663.260711835, -22.39905688634773, -27.22020566217794, 0.9203003967630544, 4.8685e+24, 6051.8, 139.0, 125.0, 130.0, 2
     Earth, 2455338.7222480923, -71758426.91847114, -133605947.24745537, -34551.88301241858, 25.60058444047312, -14.50669441489573, 0.0005324471380327054, 5.97219e+24, 6371.01, 0.0, 119.0, 190.0, 3
      Moon, 2455338.7222480923, -72123361.17481953, -133548344.30205059, -65593.83695008386, 25.426368372881722, -15.548834938718391, -0.035499307607081525, 7.349e+22, 1738.0, 214.0, 213.0, 192.0, 0
      Mars, 2455338.7222480923, -245662642.66011882, 2386874.3445592467, 6103071.869429249, 0.5759494994809866, -22.16638470988089, -0.47843301210917316, 6.4185e+23, 3389.9, 114.0, 81.0, 48.0, 4
   Jupiter, 2455338.7222480923, 725679603.1986972, -173297214.30503607, -15530855.142086677, 2.859578066120755, 13.33415455628655, -0.11938812793100147, 8.9813e+26, 69911.0, 165.0, 145.0, 134.0, 5
    Saturn, 2455338.7222480923, -1423879124.5288572, -73712207.01595016, 57869494.033064686, -0.033925106790757574, -9.649366310924416, 0.16957056776428855, 5.68319e+26, 58232.0, 227.0, 224.0, 192.0, 6
    Uranus, 2455338.7222480923, 3001520006.7741675, -149935376.57458037, -39462439.65384885, 0.28906304684988277, 6.483213460000968, 0.02029611602872917, 8.68103e+25, 25362.0, 225.0, 238.0, 238.0, 7
   Neptune, 2455338.7222480923, 3748734917.064618, -2472004716.647185, -35660010.041333295, 2.9568599796431236, 4.569310155495059, -0.16279489692167196, 1.0241e+26, 24624.0, 115.0, 172.0, 172.0, 8
     Pluto, 2455338.7222480923, 305852217.4631959, -4739808295.552484, 415896001.53272533, 5.5090270680177404, -0.7182701227879446, -1.5256724754596145, 1.307e+22, 1195.0, 246.0, 221.0, 189.0, 0
     Bennu, 2455338.7222480923, 136941308.86807993, -104692769.06990449, -11510735.45107536, 12.060929408564093, 24.740672045819966, 2.5687083319877564, 78000000000.0, 0.2, 128.0, 128.0, 128.0, 0
Collisions: 
Closeness: 

       Sun, 2455392.703729976, 1435023.9445051302, -1060618.2689330352, -38426.579256859586, 0.004871765710872673, -0.0069098793226047145, -0.00011200613939459864, 1.988544e+30, 696300.0, 253.0, 184.0, 19.0, 9
   Mercury, 2455392.703729976, -57453526.08971459, -8698909.129261313, 4741310.667929897, -3.854977557982312, -46.23355859110543, -3.4226766072045014, 3.302e+23, 2440.0, 219.0, 206.0, 202.0, 1
     Venus, 2455392.703729976, -71337336.18026958, -81198499.34666978, 3064345.7575500347, 25.675130918866262, -23.719724432790816, -1.806327969305627, 4.8685e+24, 6051.8, 139.0, 125.0, 130.0, 2
     Earth, 2455392.703729976, 60104741.22394426, -141353549.7185072, -35413.06381784189, 27.008252375616962, 11.38108287422718, 0.00015447295295599207, 5.97219e+24, 6371.01, 0.0, 119.0, 190.0, 3
      Moon, 2455392.703729976, 59756547.30708196, -141250891.6651794, -64935.11790355367, 26.676300043069332, 10.356977909969457, -0.04924580280799671, 7.349e+22, 1738.0, 214.0, 213.0, 192.0, 0
      Mars, 2455392.703729976, -219332710.0602546, -97956365.47797793, 3354577.309739207, 10.650875629236888, -20.125655159430988, -0.6831600086148343, 6.4185e+23, 3389.9, 114.0, 81.0, 48.0, 4
   Jupiter, 2455392.703729976, 736465165.3841962, -110576240.7942878, -16032782.961334579, 1.7620150716005667, 13.546049352931522, -0.09570525304533836, 8.9813e+26, 69911.0, 165.0, 145.0, 134.0, 5
    Saturn, 2455392.703729976, -1423332250.1223106, -118673502.35526425, 58631595.867721185, 0.26808664494717566, -9.629212350089713, 0.1572177574049162, 5.68319e+26, 58232.0, 227.0, 224.0, 192.0, 6
    Uranus, 2455392.703729976, 3002708242.2254744, -119690287.76247817, -39365678.68218003, 0.22047996119201793, 6.4862629772675575, 0.02119604512896177, 8.68103e+25, 25362.0, 225.0, 238.0, 238.0, 7
   Neptune, 2455392.703729976, 3762465766.3803134, -2450654078.575726, -36418712.30268638, 2.9311435143542326, 4.586167458399556, -0.1625483066431642, 1.0241e+26, 24624.0, 115.0, 172.0, 172.0, 8
     Pluto, 2455392.703729976, 331542152.76441395, -4743095129.524622, 408774752.415641, 5.507216976305177, -0.6911934369196735, -1.5280280496069656, 1.307e+22, 1195.0, 246.0, 221.0, 189.0, 0
     Bennu, 2455392.703729976, 142835913.64130548, 30291456.43944208, 2732988.852061492, -11.64837145253836, 29.967764833264916, 3.2118385197425012, 78000000000.0, 0.2, 128.0, 128.0, 128.0, 0
Collisions: 
Closeness:      Bennu and      Earth; 190562637.3103461

       Sun, 2455815.1805849755, 1678049.8364433902, -1311448.541243049, -43830.0892463616, 0.008231994723222806, -0.0063544120125135035, -0.0001777695764857912, 1.988544e+30, 696300.0, 253.0, 184.0, 19.0, 9
   Mercury, 2455815.1805849755, -7942992.623535886, 44198897.21366125, 4557304.433810581, -57.41023590618554, -8.280548095977712, 4.5925407549829025, 3.302e+23, 2440.0, 219.0, 206.0, 202.0, 1
     Venus, 2455815.1805849755, -105585123.30251658, -9755182.134850021, 6031268.572297506, 2.5329630940525987, -35.0742221555834, -0.6261916480681773, 4.8685e+24, 6051.8, 139.0, 125.0, 130.0, 2
     Earth, 2455815.1805849755, 148855082.2092287, -33427084.69080189, -43870.25818921369, 5.869973096806558, 28.972291941990402, -0.0012241678431250006, 5.97219e+24, 6371.01, 0.0, 119.0, 190.0, 3
      Moon, 2455815.1805849755, 149207162.57958445, -33612674.12411363, -10574.689109292263, 6.356942631664724, 29.832045051504398, 0.026372558516311286, 7.349e+22, 1738.0, 214.0, 213.0, 192.0, 0
      Mars, 2455815.1805849755, 26811957.12665057, 229854512.29035544, 4182037.818464964, -23.158560770460664, 4.672831558289233, 0.6669374109227356, 6.4185e+23, 3389.9, 114.0, 81.0, 48.0, 4
   Jupiter, 2455815.1805849755, 642475156.214604, 371711215.21582264, -15932889.444539085, -6.73342870808358, 11.915496504910255, 0.10118673682704327, 8.9813e+26, 69911.0, 165.0, 145.0, 134.0, 5
    Saturn, 2455815.1805849755, -1371410489.4439611, -463219682.9271562, 62574962.17536237, 2.547524870451016, -9.159018735941126, 0.0584395696437447, 5.68319e+26, 58232.0, 227.0, 224.0, 192.0, 6
    Uranus, 2455815.1805849755, 3000947997.7755055, 117199976.89622188, -38464426.58794111, -0.3170255856073026, 6.486248510525034, 0.02815991149025857, 8.68103e+25, 25362.0, 225.0, 238.0, 238.0, 7
   Neptune, 2455815.1805849755, 3865742262.15753, -2280906225.556261, -42314509.028833635, 2.7265752152038805, 4.713077957186644, -0.16043827191049279, 1.0241e+26, 24624.0, 115.0, 172.0, 172.0, 8
     Pluto, 2455815.1805849755, 532245878.7009782, -4764482747.337752, 352682973.8340658, 5.488237268638569, -0.48127540844661987, -1.5448514616806681, 1.307e+22, 1195.0, 246.0, 221.0, 189.0, 0
     Bennu, 2455815.1805849755, 152757609.42320034, -7083198.971991026, -1230915.229496732, -4.308797909645272, 30.629438202577465, 3.253852764956021, 78000000000.0, 0.2, 128.0, 128.0, 128.0, 0
Collisions: 
Closeness:      Bennu and      Earth; 26657814.773499507

       Sun, 2455917.4259561077, 1753746.836305878, -1365958.8693098503, -45435.18426593957, 0.008966610039637396, -0.005930809400504138, -0.000191126077899674, 1.988544e+30, 696300.0, 253.0, 184.0, 19.0, 9
   Mercury, 2455917.4259561077, -54984370.286781885, 2614446.394896319, 5486014.656495775, -13.526078026415485, -46.515402928671655, -2.5581553397973487, 3.302e+23, 2440.0, 219.0, 206.0, 202.0, 1
     Venus, 2455917.4259561077, 107656778.3085986, -25440681.942133058, -6487437.874114254, 7.596946912429169, 33.988531271455315, 0.027464234830304066, 4.8685e+24, 6051.8, 139.0, 125.0, 130.0, 2
     Earth, 2455917.4259561077, 2354493.3476490965, 145789971.18377095, -48906.880627576684, -30.277454625010616, 0.010838716523236053, -0.0012583226797984752, 5.97219e+24, 6371.01, 0.0, 119.0, 190.0, 3
      Moon, 2455917.4259561077, 2151162.350484874, 145487495.5370303, -59358.09866738343, -29.388253327458585, -0.5928672064416782, 0.09296272037506688, 7.349e+22, 1738.0, 214.0, 213.0, 192.0, 0
      Mars, 2455917.4259561077, -162433913.71525958, 182953576.839468, 7849465.1285288045, -17.166292760923277, -14.058260772251828, 0.12728891411493887, 6.4185e+23, 3389.9, 114.0, 81.0, 48.0, 4
   Jupiter, 2455917.4259561077, 575142402.0154557, 471813697.3006488, -14841914.441197148, -8.475921923758627, 10.701403348213397, 0.1452238347754796, 8.9813e+26, 69911.0, 165.0, 145.0, 134.0, 5
    Saturn, 2455917.4259561077, -1346593281.8307781, -543302718.1139706, 62984898.22095185, 3.0685972844238876, -8.9668328860698, 0.03438282308354099, 5.68319e+26, 58232.0, 227.0, 224.0, 192.0, 6
    Uranus, 2455917.4259561077, 2997572748.503475, 174473136.87313268, -38208314.784255914, -0.4470973983145819, 6.479866653764286, 0.0298214090526614, 8.68103e+25, 25362.0, 225.0, 238.0, 238.0, 7
   Neptune, 2455917.4259561077, 3889606590.169107, -2239140816.5818825, -43729367.4387577, 2.6762127285916786, 4.742434975774447, -0.1598798252304114, 1.0241e+26, 24624.0, 115.0, 172.0, 172.0, 8
     Pluto, 2455917.4259561077, 580703488.4008179, -4768512211.076896, 339019523.6360284, 5.482389773951334, -0.43103048718631126, -1.5484987762485456, 1.307e+22, 1195.0, 246.0, 221.0, 189.0, 0
     Bennu, 2455917.4259561077, -68607766.39896762, 122564205.20623232, 13319478.965502605, -30.390324801559885, -11.885469861974682, -1.139602954696097, 78000000000.0, 0.2, 128.0, 128.0, 128.0, 0
Collisions: 
Closeness: 

       Sun, 2456043.9768829765, 1855565.5011821857, -1425235.0491740373, -47633.21998886006, 0.009470701960334019, -0.0049427365912804175, -0.0002026456274065531, 1.988544e+30, 696300.0, 253.0, 184.0, 19.0, 9
   Mercury, 2456043.9768829765, 28791473.568863418, -61626550.37650911, -7437846.289641577, 34.752681718815445, 22.3125382766194, -1.3648041481815099, 3.302e+23, 2440.0, 219.0, 206.0, 202.0, 1
     Venus, 2456043.9768829765, -103792125.78005944, -22249453.89763008, 5764670.806991654, 6.547337799816814, -34.52215995657227, -0.8503158083826923, 4.8685e+24, 6051.8, 139.0, 125.0, 130.0, 2
     Earth, 2456043.9768829765, -118825738.11099803, -91446694.66746865, -44852.35487378245, 17.343913245739927, -23.998539902817214, 0.0012501913557075451, 5.97219e+24, 6371.01, 0.0, 119.0, 190.0, 3
      Moon, 2456043.9768829765, -118873628.60422085, -91050665.22840056, -64108.25603704551, 16.378455853545745, -24.158584446973872, -0.07305180180762884, 7.349e+22, 1738.0, 214.0, 213.0, 192.0, 0
      Mars, 2456043.9768829765, -241571851.35929403, -33050083.054532927, 5269424.928003126, 4.038635595401142, -21.965028592845684, -0.559266966748698, 6.4185e+23, 3389.9, 114.0, 81.0, 48.0, 4
   Jupiter, 2456043.9768829765, 472075354.7867758, 579012705.7825252, -12980750.311071878, -10.31180290625965, 8.848847830206646, 0.1940023257812542, 8.9813e+26, 69911.0, 165.0, 145.0, 134.0, 5
    Saturn, 2456043.9768829765, -1309607355.880782, -639870606.4433005, 63198663.90418547, 3.692604280148541, -8.689943733975168, 0.0047593186923817485, 5.68319e+26, 58232.0, 227.0, 224.0, 192.0, 6
    Uranus, 2456043.9768829765, 2991804527.1254272, 245265434.56949198, -37871068.094079755, -0.6079553135784275, 6.468519433426165, 0.03186335740016978, 8.68103e+25, 25362.0, 225.0, 238.0, 238.0, 7
   Neptune, 2456043.9768829765, 3918525497.8287525, -2187091679.907595, -45473599.92052612, 2.6134332885100036, 4.7780272068706555, -0.15916298331628487, 1.0241e+26, 24624.0, 115.0, 172.0, 172.0, 8
     Pluto, 2456043.9768829765, 640605422.9034252, -4772886489.431761, 322064562.25306344, 5.474493096633546, -0.36915839777887705, -1.552787647397815, 1.307e+22, 1195.0, 246.0, 221.0, 189.0, 0
     Bennu, 2456043.9768829765, -148712154.7451742, -127455874.1242915, -12791764.794927765, 13.036699918307953, -19.673051887176154, -2.1282990268441444, 78000000000.0, 0.2, 128.0, 128.0, 128.0, 0
Collisions: 
Closeness:      Bennu and      Earth; 48500953.524503246

       Sun, 2456363.0162372054, 2132442.175208409, -1534703.3766241714, -53558.591547087075, 0.01035669403405695, -0.0027340332095003852, -0.00022161023092916014, 1.988544e+30, 696300.0, 253.0, 184.0, 19.0, 9
   Mercury, 2456363.0162372054, -56543634.20725764, -21012071.61854714, 3739033.0112949256, 5.269639438711523, -44.148337480462544, -4.089635570300153, 3.302e+23, 2440.0, 219.0, 206.0, 202.0, 1
     Venus, 2456363.0162372054, 104991083.65282848, -36554762.421206154, -6469789.537994994, 11.10985912668109, 32.994950047936236, -0.18883629047057, 4.8685e+24, 6051.8, 139.0, 125.0, 130.0, 2
     Earth, 2456363.0162372054, -144735975.3372284, 21240552.49779015, -54169.67153209686, -5.045799102036246, -29.566308587993618, 0.0011232924916143487, 5.97219e+24, 6371.01, 0.0, 119.0, 190.0, 3
      Moon, 2456363.0162372054, -144359954.1358511, 21186930.199641142, -26051.68093290211, -4.849966271325586, -28.548713312652104, -0.04614648219206926, 7.349e+22, 1738.0, 214.0, 213.0, 192.0, 0
      Mars, 2456363.0162372054, 210058446.93373656, 18443494.2858806, -4742400.0690051345, -1.3729367988881385, 26.18627632773169, 0.582439174028508, 6.4185e+23, 3389.9, 114.0, 81.0, 48.0, 4
   Jupiter, 2456363.0162372054, 144027577.11144462, 745731603.490357, -6332200.977615992, -12.996150132586166, 3.0610725970864907, 0.27811236759776964, 8.9813e+26, 69911.0, 165.0, 145.0, 134.0, 5
    Saturn, 2456363.0162372054, -1187354125.1218884, -867907551.90972, 62316079.91581473, 5.1475218760403365, -7.815226815607362, -0.06830243310233922, 5.68319e+26, 58232.0, 227.0, 224.0, 192.0, 6
    Uranus, 2456363.0162372054, 2969468333.608877, 422998153.224105, -36922609.31248576, -1.0123033477837242, 6.422975828029866, 0.03693316271571108, 8.68103e+25, 25362.0, 225.0, 238.0, 238.0, 7
   Neptune, 2456363.0162372054, 3988361033.719717, -2054187306.8747334, -49834703.95799234, 2.4530474939536537, 4.864062982318676, -0.15723058471467777, 1.0241e+26, 24624.0, 115.0, 172.0, 172.0, 8
     Pluto, 2456363.0162372054, 791202126.3645107, -4780929311.113399, 279124429.8740906, 5.451423206160811, -0.21479367207324088, -1.5625079228729932, 1.307e+22, 1195.0, 246.0, 221.0, 189.0, 0
     Bennu, 2456363.0162372054, -91356518.43247779, 111240604.36381121, 12218906.883756058, -27.547122727546167, -15.997978776206047, -1.5856675594136018, 78000000000.0, 0.2, 128.0, 128.0, 128.0, 0
Collisions: 
Closeness:      Bennu and      Earth; 105356555.19282492

       Sun, 2456496.129664123, 2251527.5160213904, -1559801.6124933711, -56147.31169586028, 0.010232002199017294, -0.0016637395708649035, -0.00021976058505564127, 1.988544e+30, 696300.0, 253.0, 184.0, 19.0, 9
   Mercury, 2456496.129664123, 55118025.32379625, -23091775.250277955, -6666218.977641097, 8.928925277433768, 47.30033859162255, 3.0461632838115675, 3.302e+23, 2440.0, 219.0, 206.0, 202.0, 1
     Venus, 2456496.129664123, -101496184.21354505, -30613564.326474123, 5533711.777500101, 9.212963070353744, -33.88599288853364, -0.9955060089911184, 4.8685e+24, 6051.8, 139.0, 125.0, 130.0, 2
     Earth, 2456496.129664123, 78372083.11553735, -133107687.93291612, -53278.00850347059, 25.298946412888835, 14.794764390563174, -0.0008889014717077985, 5.97219e+24, 6371.01, 0.0, 119.0, 190.0, 3
      Moon, 2456496.129664123, 78569586.13670287, -133406478.06464384, -22278.329896531537, 26.225315870984577, 15.378800538917268, 0.01791471905911658, 7.349e+22, 1738.0, 214.0, 213.0, 192.0, 0
      Mars, 2456496.129664123, 39269842.6644069, 226876025.381809, 3820371.0170361153, -22.987061765437655, 5.933352571231237, 0.6889897958186394, 6.4185e+23, 3389.9, 114.0, 81.0, 48.0, 4
   Jupiter, 2456496.129664123, -7258076.340802095, 765981779.9691187, -3030854.59047873, -13.224653321628669, 0.460889062622541, 0.2940257541236853, 8.9813e+26, 69911.0, 165.0, 145.0, 134.0, 5
    Saturn, 2456496.129664123, -1124950434.5128086, -955336909.4062219, 61360529.56244694, 5.6984377705507, -7.382396841685096, -0.09773811668822441, 5.68319e+26, 58232.0, 227.0, 224.0, 192.0, 6
    Uranus, 2456496.129664123, 2956859310.954322, 496722340.0480907, -36485861.82245256, -1.18027774206186, 6.396806568453024, 0.03901240328755472, 8.68103e+25, 25362.0, 225.0, 238.0, 238.0, 7
   Neptune, 2456496.129664123, 4016184187.535968, -1998047476.2497635, -51638102.73281113, 2.385264171434901, 4.898377432309495, -0.15637164179598143, 1.0241e+26, 24624.0, 115.0, 172.0, 172.0, 8
     Pluto, 2456496.129664123, 853836805.0336691, -4783032930.742656, 261133067.65837395, 5.440492285355341, -0.15109830779912184, -1.5661080239787724, 1.307e+22, 1195.0, 246.0, 221.0, 189.0, 0
     Bennu, 2456496.129664123, -128260584.34902903, -152265350.8951853, -15484880.514308685, 16.301750000416376, -16.46018468365185, -1.801307653120006, 78000000000.0, 0.2, 128.0, 128.0, 128.0, 0
Collisions: 
Closeness: 

       Sun, 2456779.3588329, 2496549.729209196, -1574990.1053041308, -61360.51591148249, 0.009388662473952163, 0.00042154608113176897, -0.00019921948420968956, 1.988544e+30, 696300.0, 253.0, 184.0, 19.0, 9
   Mercury, 2456779.3588329, 8512007.872911252, 43969715.32127113, 3107894.8875985346, -58.03100498808503, 8.19532127941066, 5.994845881290589, 3.302e+23, 2440.0, 219.0, 206.0, 202.0, 1
     Venus, 2456779.3588329, 37807649.42767678, -104528450.50433542, -3509761.6258045463, 32.897050091284214, 11.240580350394485, -1.7442416077926455, 4.8685e+24, 6051.8, 139.0, 125.0, 130.0, 2
     Earth, 2456779.3588329, -110419754.7059789, -101449128.81628041, -57857.83498011179, 19.269672340710517, -22.433651072976392, 0.0011105114716165323, 5.97219e+24, 6371.01, 0.0, 119.0, 190.0, 3
      Moon, 2456779.3588329, -110334067.96845746, -101065364.5097505, -85279.74748214016, 18.307096684296972, -22.173432731751447, -0.061953711260082485, 7.349e+22, 1738.0, 214.0, 213.0, 192.0, 0
      Mars, 2456779.3588329, -205187332.39079735, -120179439.36219615, 2554462.360703099, 12.935992637078424, -18.969917062559322, -0.7151336056518285, 6.4185e+23, 3389.9, 114.0, 81.0, 48.0, 4
   Jupiter, 2456779.3588329, -320947802.8686632, 711777213.4592419, 4214014.212703303, -12.0593021148391, -4.774831407813165, 0.28969537514408256, 8.9813e+26, 69911.0, 165.0, 145.0, 134.0, 5
    Saturn, 2456779.3588329, -972309522.57242, -1123614232.6640623, 58228761.8257181, 6.748033498491915, -6.346250761220428, -0.15750338618493512, 5.68319e+26, 58232.0, 227.0, 224.0, 192.0, 6
    Uranus, 2456779.3588329, 2923622025.1490245, 652444655.2568774, -35477787.839951426, -1.535663769393395, 6.327112817485396, 0.043358347148454456, 8.68103e+25, 25362.0, 225.0, 238.0, 238.0, 7
   Neptune, 2456779.3588329, 4072773880.139215, -1877315622.650798, -55441341.51052146, 2.239423330123724, 4.968244008004479, -0.1544417115938452, 1.0241e+26, 24624.0, 115.0, 172.0, 172.0, 8
     Pluto, 2456779.3588329, 986663009.5311624, -4785085840.182451, 222723405.2036652, 5.414759958667218, -0.01702447641706917, -1.572893306524432, 1.307e+22, 1195.0, 246.0, 221.0, 189.0, 0
     Bennu, 2456779.3588329, -38205857.79720618, 130871740.9092252, 14088797.90052197, -32.841185298034766, -6.19617863781489, -0.5302581176716129, 78000000000.0, 0.2, 128.0, 128.0, 128.0, 0
Collisions: 
Closeness:      Bennu and      Earth; 243696452.47251472

       Sun, 2457074.8333721384, 2719634.821471399, -1544328.409163676, -66060.18772016604, 0.007950891162582244, 0.0019991507711597176, -0.00016626446550273362, 1.988544e+30, 696300.0, 253.0, 184.0, 19.0, 9
   Mercury, 2457074.8333721384, -44699651.56085926, -48952975.432740286, 411223.41697690496, 24.548726434198308, -32.24849610562548, -4.8868762937131365, 3.302e+23, 2440.0, 219.0, 206.0, 202.0, 1
     Venus, 2457074.8333721384, 83854443.97578263, 69922137.28031076, -3769387.625276863, -23.249960376466042, 26.13920549425596, 1.70020448372546, 4.8685e+24, 6051.8, 139.0, 125.0, 130.0, 2
     Earth, 2457074.8333721384, -128463180.64512542, 66832240.52574997, -67454.88362315453, -14.248261591307596, -26.541234216903394, 0.0018257705995625138, 5.97219e+24, 6371.01, 0.0, 119.0, 190.0, 3
      Moon, 2457074.8333721384, -128107728.83931202, 66903491.804736175, -68030.41896833775, -14.411318349085715, -25.47401671518535, -0.09631388650042148, 7.349e+22, 1738.0, 214.0, 213.0, 192.0, 0
      Mars, 2457074.8333721384, 200793424.73260558, 73553694.67071204, -3357242.79696577, -7.648292183439179, 24.730305250106262, 0.7059583674857725, 6.4185e+23, 3389.9, 114.0, 81.0, 48.0, 4
   Jupiter, 2457074.8333721384, -591796708.5475781, 531376733.15817195, 11024411.23327662, -8.880104830672497, -9.109804846583453, 0.23656073998357174, 8.9813e+26, 69911.0, 165.0, 145.0, 134.0, 5
    Saturn, 2457074.8333721384, -788077448.6481454, -1270294966.0995824, 53465355.743109226, 7.6511958326456275, -5.1236007108356425, -0.21469788535571735, 5.68319e+26, 58232.0, 227.0, 224.0, 192.0, 6
    Uranus, 2457074.8333721384, 2879724077.806861, 812826828.1800158, -34314315.386801474, -1.9026628197524023, 6.234158780681567, 0.04776841705486084, 8.68103e+25, 25362.0, 225.0, 238.0, 238.0, 7
   Neptune, 2457074.8333721384, 4127978195.8202662, -1749599790.7440143, -59356823.96570875, 2.0850468004954634, 5.0365097955409395, -0.1522813076909394, 1.0241e+26, 24624.0, 115.0, 172.0, 172.0, 8
     Pluto, 2457074.8333721384, 1124516822.929486, -4783758050.003889, 182491851.2159317, 5.384444261865494, 0.12066185001050543, -1.5787292217207876, 1.307e+22, 1195.0, 246.0, 221.0, 189.0, 0
     Bennu, 2457074.8333721384, 127056263.07695007, -124734893.51540136, -13555355.018269185, 14.820752772586326, 22.347649610094734, 2.3049175466936793, 78000000000.0, 0.2, 128.0, 128.0, 128.0, 0
Collisions: 
Closeness: 

       Sun, 2457174.138928434, 2784297.235677975, -1524776.5532877876, -67407.01607703266, 0.0070409435954585375, 0.00246379223852387, -0.00014222624043197589, 1.988544e+30, 696300.0, 253.0, 184.0, 19.0, 9
   Mercury, 2457174.138928434, -12868308.991547827, -69393337.3786723, -4176509.804557959, 37.718739177836994, -8.513531824395656, -4.15606651331716, 3.302e+23, 2440.0, 219.0, 206.0, 202.0, 1
     Venus, 2457174.138928434, -97189638.28141159, -41958346.50132335, 5148330.589571116, 12.888359044621756, -32.62565360006843, -1.1905929837496485, 4.8685e+24, 6051.8, 139.0, 125.0, 130.0, 2
     Earth, 2457174.138928434, -49145060.33551232, -144029281.41721386, -63481.880712807884, 27.49968668070924, -10.307852799595231, -0.0007262416702696907, 5.97219e+24, 6371.01, 0.0, 119.0, 190.0, 3
      Moon, 2457174.138928434, -49392589.578120366, -144331786.74568164, -39968.237580775654, 28.308023616515936, -10.906605141077252, 0.06203598122747744, 7.349e+22, 1738.0, 214.0, 213.0, 192.0, 0
      Mars, 2457174.138928434, 57307421.541668355, 221644328.87563103, 3269245.5553530804, -22.60827788630895, 7.813653040455372, 0.7189312018922991, 6.4185e+23, 3389.9, 114.0, 81.0, 48.0, 4
   Jupiter, 2457174.138928434, -662082055.7439064, 448384433.45217973, 12942010.196991036, -7.481421066722055, -10.201889686315754, 0.20979916507585802, 8.9813e+26, 69911.0, 165.0, 145.0, 134.0, 5
    Saturn, 2457174.138928434, -721310121.7641406, -1312385494.3070323, 51546155.709035784, 7.9082683155635, -4.685739365613453, -0.2325428740361929, 5.68319e+26, 58232.0, 227.0, 224.0, 192.0, 6
    Uranus, 2457174.138928434, 2862874085.8287315, 866163702.851785, -33898223.21846098, -2.0249647908585335, 6.1982969147747555, 0.049219926766585535, 8.68103e+25, 25362.0, 225.0, 238.0, 238.0, 7
   Neptune, 2457174.138928434, 4145643372.9066477, -1706292311.4341052, -60660150.979091205, 2.0326765290449837, 5.058380723435645, -0.15152182532390276, 1.0241e+26, 24624.0, 115.0, 172.0, 172.0, 8
     Pluto, 2457174.138928434, 1170668607.5512881, -4782526257.09696, 168939037.6030724, 5.3734852730213785, 0.1664200877958368, -1.5804114363832065, 1.307e+22, 1195.0, 246.0, 221.0, 189.0, 0
     Bennu, 2457174.138928434, 79945690.51938698, 108331579.38437645, 11248546.439097047, -28.922791294471555, 18.47050331251764, 2.06112910189618, 78000000000.0, 0.2, 128.0, 128.0, 128.0, 0
Collisions: 
Closeness:      Bennu and      Earth; 283687129.6914446

       Sun, 2457577.4954129206, 2978943.7623010376, -1429836.630417308, -71114.7232329664, 0.003962730916437979, 0.0028544182780459197, -6.855365408967716e-05, 1.988544e+30, 696300.0, 253.0, 184.0, 19.0, 9
   Mercury, 2457577.4954129206, -23605113.48866367, 38787526.75050737, 5653980.931518003, -50.450499318755526, -24.9592922527432, 2.589499138914914, 3.302e+23, 2440.0, 219.0, 206.0, 202.0, 1
     Venus, 2457577.4954129206, -62237933.027187645, 83841317.56538858, 4861217.997698492, -27.944152352621234, -21.458457394725073, 1.3186804841940174, 4.8685e+24, 6051.8, 139.0, 125.0, 130.0, 2
     Earth, 2457577.4954129206, 45873435.44637748, -147359253.50355074, -66720.31934595875, 28.104528488567023, 8.296900630149239, -0.0015430592727282539, 5.97219e+24, 6371.01, 0.0, 119.0, 190.0, 3
      Moon, 2457577.4954129206, 45515857.235498756, -147202254.47994936, -71452.79026401727, 27.647536041955362, 7.404731350068177, 0.0863372218446915, 7.349e+22, 1738.0, 214.0, 213.0, 192.0, 0
      Mars, 2457577.4954129206, -7413780.773503336, -219678218.85468814, -4388698.566704379, 25.125146297191012, 0.9324971005226509, -0.5975152112280749, 6.4185e+23, 3389.9, 114.0, 81.0, 48.0, 4
   Jupiter, 2457577.4954129206, -810696027.5214808, 43474407.412490346, 17949924.568729922, -0.8800208219265103, -12.426997641023485, 0.07132861465667505, 8.9813e+26, 69911.0, 165.0, 145.0, 134.0, 5
    Saturn, 2457577.4954129206, -430705315.23668355, -1443283594.7697096, 42281356.24750587, 8.701021018484255, -2.801476377965056, -0.2968773707804151, 5.68319e+26, 58232.0, 227.0, 224.0, 192.0, 6
    Uranus, 2457577.4954129206, 2783728820.955372, 1079332874.9284952, -32082350.02328585, -2.5152195822653405, 6.028905701334538, 0.054943194994814155, 8.68103e+25, 25362.0, 225.0, 238.0, 238.0, 7
   Neptune, 2457577.4954129206, 4212745094.1205177, -1528531374.4202902, -65884749.61464068, 1.8176028127624653, 5.141594619185663, -0.1482663345979327, 1.0241e+26, 24624.0, 115.0, 172.0, 172.0, 8
     Pluto, 2457577.4954129206, 1357109767.1310601, -4773522877.957756, 113760668.67771178, 5.325143726490096, 0.3495222234980435, -1.5858364146331916, 1.307e+22, 1195.0, 246.0, 221.0, 189.0, 0
     Bennu, 2457577.4954129206, 141445498.27209365, 36933276.34022485, 3457863.124896055, -13.106073375852098, 29.614799505717226, 3.1787520485828242, 78000000000.0, 0.2, 128.0, 128.0, 128.0, 0
Collisions: 
Closeness:      Bennu and      Earth; 207629906.0523755

       Sun, 2457653.537080154, 3002612.0242899614, -1411592.0726493231, -71477.3525716631, 0.0032871276006478122, 0.0026492391659600012, -4.505088723191698e-05, 1.988544e+30, 696300.0, 253.0, 184.0, 19.0, 9
   Mercury, 2457653.537080154, 33027929.63077313, 34626166.15750999, 118287.65838299197, -47.0454478537261, 33.214883654189705, 7.030304491055194, 3.302e+23, 2440.0, 219.0, 206.0, 202.0, 1
     Venus, 2457653.537080154, -34060900.76055837, -103450420.59402978, 668949.255008327, 32.67632175436648, -12.108432193746301, -2.0515943053265477, 4.8685e+24, 6051.8, 139.0, 125.0, 130.0, 2
     Earth, 2457653.537080154, 153144005.8152461, -2559091.7808738044, -71857.36102282033, -0.24105713652323443, 29.674040466834306, -0.0010340803341757192, 5.97219e+24, 6371.01, 0.0, 119.0, 190.0, 3
      Moon, 2457653.537080154, 153223099.63916022, -2198558.067741425, -105734.84753578097, -1.262374603813498, 29.94547748569418, 0.0034698641798729004, 7.349e+22, 1738.0, 214.0, 213.0, 192.0, 0
      Mars, 2457653.537080154, 144579762.67794007, -153709845.94576636, -6739311.233036159, 18.673132387531517, 18.57686879397117, -0.0693631291584879, 6.4185e+23, 3389.9, 114.0, 81.0, 48.0, 4
   Jupiter, 2457653.537080154, -812173366.5150336, -38264700.93827276, 18322630.180720616, 0.4296160507728679, -12.433630225136012, 0.0420525316423745, 8.9813e+26, 69911.0, 165.0, 145.0, 134.0, 5
    Saturn, 2457653.537080154, -373192447.77902627, -1460475957.2630796, 40295934.062987156, 8.804205079419395, -2.431573788423051, -0.30742328936522373, 5.68319e+26, 58232.0, 227.0, 224.0, 192.0, 6
    Uranus, 2457653.537080154, 2766904247.6844716, 1118824669.736623, -31717930.125887692, -2.6063266880810367, 5.9927321923671615, 0.05598935916855173, 8.68103e+25, 25362.0, 225.0, 238.0, 238.0, 7
   Neptune, 2457653.537080154, 4224552272.497224, -1494702728.56675, -66856748.3863861, 1.776653369524489, 5.156262357905941, -0.1476222051797241, 1.0241e+26, 24624.0, 115.0, 172.0, 172.0, 8
     Pluto, 2457653.537080154, 1392063936.9059594, -4771114678.482061, 103339136.6895497, 5.315361979363139, 0.3835351064196469, -1.5866108015863989, 1.307e+22, 1195.0, 246.0, 221.0, 189.0, 0
     Bennu, 2457653.537080154, -41788987.63670243, 130216931.42948928, 14007584.189864598, -32.58513647167882, -6.999213386731284, -0.6164178886066367, 78000000000.0, 0.2, 128.0, 128.0, 128.0, 0
Collisions: 
Closeness: 

       Sun, 2457997.8426382747, 3062938.8943801317, -1345944.204580691, -71860.38116498897, 0.0008214954417186393, 0.0014258022113053214, 1.6427515977580395e-05, 1.988544e+30, 696300.0, 253.0, 184.0, 19.0, 9
   Mercury, 2457997.8426382747, 53955737.65590222, 6505687.343812537, -4099579.893724914, -16.795352443424175, 50.320055847677445, 5.652449617582691, 3.302e+23, 2440.0, 219.0, 206.0, 202.0, 1
     Venus, 2457997.8426382747, 21041305.4890101, 104863855.25701298, 346805.470213654, -34.654638251514086, 5.6778235092972045, 2.0778095060679864, 4.8685e+24, 6051.8, 139.0, 125.0, 130.0, 2
     Earth, 2457997.8426382747, 144196490.1982727, -54931764.15270846, -70998.35376277931, 10.081439158246688, 27.731999903600048, -0.00010669293856842266, 5.97219e+24, 6371.01, 0.0, 119.0, 190.0, 3
      Moon, 2457997.8426382747, 144318045.43548805, -55313403.80105589, -49083.78625430696, 11.003396139886858, 28.051127703090444, -0.07392705085741337, 7.349e+22, 1738.0, 214.0, 213.0, 192.0, 0
      Mars, 2457997.8426382747, -188189114.03335342, 156791230.14709958, 7938168.587775976, -14.524305048432119, -16.60494062962846, 0.008778873858523255, 6.4185e+23, 3389.9, 114.0, 81.0, 48.0, 4
   Jupiter, 2457997.8426382747, -713575894.6255598, -391109099.5682299, 17582717.166829243, 6.080409051044968, -10.860311332910877, -0.09091693699407183, 8.9813e+26, 69911.0, 165.0, 145.0, 134.0, 5
    Saturn, 2457997.8426382747, -106361676.80754595, -1507500626.2562456, 30514009.615748998, 9.083744183105368, -0.7227233225276992, -0.348311496028386, 5.68319e+26, 58232.0, 227.0, 224.0, 192.0, 6
    Uranus, 2457997.8426382747, 2683299741.3911853, 1294479890.4143453, -29983404.849986922, -3.0127846670034693, 5.812292194103118, 0.06058593391886048, 8.68103e+25, 25362.0, 225.0, 238.0, 238.0, 7
   Neptune, 2457997.8426382747, 4274630045.243086, -1340370639.4580152, -71203543.15442891, 1.589756949958912, 5.218576360831698, -0.14458669920008427, 1.0241e+26, 24624.0, 115.0, 172.0, 172.0, 8
     Pluto, 2457997.8426382747, 1549498921.1202872, -4757436742.843371, 56098883.2461034, 5.268531279065533, 0.5354803145371461, -1.5891585313502345, 1.307e+22, 1195.0, 246.0, 221.0, 189.0, 0
     Bennu, 2457997.8426382747, 153819014.0335484, -5025306.94928132, -1031457.4345259081, -4.711631520673385, 30.650078762361357, 3.2565560137245324, 78000000000.0, 0.2, 128.0, 128.0, 128.0, 0
Collisions: 
Closeness:      Bennu and      Earth; 50834730.670451455

       Sun, 2458232.240788169, 3064031.3855849933, -1328616.6405927413, -70960.94049477307, -0.0006521388954637039, 0.00017274265810897867, 6.129746165365033e-05, 1.988544e+30, 696300.0, 253.0, 184.0, 19.0, 9
   Mercury, 2458232.240788169, -3058698.274674954, -70484220.66533779, -5159830.711248223, 38.774609100626044, -1.831031711875942, -3.707053850059279, 3.302e+23, 2440.0, 219.0, 206.0, 202.0, 1
     Venus, 2458232.240788169, -8348121.518106234, 105629312.75161372, 2054124.962702753, -34.951809600459434, -3.899079786333248, 1.9636306613154684, 4.8685e+24, 6051.8, 139.0, 125.0, 130.0, 2
     Earth, 2458232.240788169, -122148818.68001683, -84696153.40376699, -67417.94152391881, 16.028699740381466, -24.90323743024257, -0.0002427904224472035, 5.97219e+24, 6371.01, 0.0, 119.0, 190.0, 3
      Moon, 2458232.240788169, -122438607.87630443, -84462292.33198284, -61700.392448539125, 15.354262032618776, -25.70581974003471, 0.09121435577331519, 7.349e+22, 1738.0, 214.0, 213.0, 192.0, 0
      Mars, 2458232.240788169, -75532012.52447163, -211781678.8628984, -2550111.276567912, 23.61577068480405, -6.399320109999717, -0.7139565968772744, 6.4185e+23, 3389.9, 114.0, 81.0, 48.0, 4
   Jupiter, 2458232.240788169, -556713242.9197463, -587912264.0938077, 14890874.580701925, 9.289732005615456, -8.403732014619095, -0.17292300893118417, 8.9813e+26, 69911.0, 165.0, 145.0, 134.0, 5
    Saturn, 2458232.240788169, 77977345.787604, -1510217109.7811835, 23237334.134589214, 9.096791325747578, 0.45458351719651385, -0.36935125050826806, 5.68319e+26, 58232.0, 227.0, 224.0, 192.0, 6
    Uranus, 2458232.240788169, 2619537346.1742506, 1410811001.6218138, -28725939.861814443, -3.283189734887719, 5.67400305859869, 0.06357625958832365, 8.68103e+25, 25362.0, 225.0, 238.0, 238.0, 7
   Neptune, 2458232.240788169, 4305525855.221676, -1234288368.9323153, -74109819.87112492, 1.4612187352109423, 5.257121655162303, -0.14240999224490067, 1.0241e+26, 24624.0, 115.0, 172.0, 172.0, 8
     Pluto, 2458232.240788169, 1655854161.8066988, -4745561866.438897, 23905389.663477603, 5.234352066733065, 0.6369579622425721, -1.5900151835029455, 1.307e+22, 1195.0, 246.0, 221.0, 189.0, 0
     Bennu, 2458232.240788169, -139845857.76687568, -137920125.27680662, -13963943.340627432, 14.433645236253696, -18.412674032835653, -2.0002162027815285, 78000000000.0, 0.2, 128.0, 128.0, 128.0, 0
Collisions: 
Closeness: 

       Sun, 2458253.953751294, 3062664.8142911, -1328421.638708326, -70841.96182856498, -0.0008055094521402668, 3.150287795409938e-05, 6.564178492309961e-05, 1.988544e+30, 696300.0, 253.0, 184.0, 19.0, 9
   Mercury, 2458253.953751294, 55146834.11912796, -26418500.268912192, -6899448.664883355, 11.65954822329884, 46.08270991153976, 2.6956241858651024, 3.302e+23, 2440.0, 219.0, 206.0, 202.0, 1
     Venus, 2458253.953751294, -67806287.13297346, 79280985.13099393, 5124235.6657857355, -26.437677215000683, -23.30688688769631, 1.2061801216430934, 4.8685e+24, 6051.8, 139.0, 125.0, 130.0, 2
     Earth, 2458253.953751294, -84326275.77875966, -124755021.11456946, -65628.82005446043, 23.836433879658955, -17.337165599566738, 9.778675067093102e-05, 5.97219e+24, 6371.01, 0.0, 119.0, 190.0, 3
      Moon, 2458253.953751294, -84149965.04825883, -124434791.18734822, -95362.88973321718, 22.8827245928347, -16.842614069236163, 0.0385336716083009, 7.349e+22, 1738.0, 214.0, 213.0, 192.0, 0
      Mars, 2458253.953751294, -29896584.531450596, -219298389.00157255, -3828164.889808392, 24.875343575282894, -1.5428372827702177, -0.6431312020546484, 6.4185e+23, 3389.9, 114.0, 81.0, 48.0, 4
   Jupiter, 2458253.953751294, -539042791.6920621, -603418222.9944091, 14559958.930489983, 9.547291342505067, -8.125970275805892, -0.1798388207799587, 8.9813e+26, 69911.0, 165.0, 145.0, 134.0, 5
    Saturn, 2458253.953751294, 95037419.01795428, -1509262042.8386438, 22542867.197188277, 9.090717626622224, 0.5635429745300335, -0.3710093896769466, 5.68319e+26, 58232.0, 227.0, 224.0, 192.0, 6
    Uranus, 2458253.953751294, 2613354831.26454, 1421442837.4118514, -28606416.278429884, -3.307956102856429, 5.660566208053973, 0.06384728676686921, 8.68103e+25, 25362.0, 225.0, 238.0, 238.0, 7
   Neptune, 2458253.953751294, 4308255881.312373, -1224422803.8273478, -74376787.71004392, 1.4492618393378065, 5.260532012403797, -0.1422038928218929, 1.0241e+26, 24624.0, 115.0, 172.0, 172.0, 8
     Pluto, 2458253.953751294, 1665670751.7956264, -4744358185.73385, 20922478.821873143, 5.231094881215978, 0.646276439724403, -1.5900593311667668, 1.307e+22, 1195.0, 246.0, 221.0, 189.0, 0
     Bennu, 2458253.953751294, -108845308.45652097, -168127317.35203597, -17273030.208689462, 18.41878765156876, -13.677343842586268, -1.514817045296446, 78000000000.0, 0.2, 128.0, 128.0, 128.0, 0
Collisions: 
Closeness:      Bennu and      Earth; 52710847.22630906

       Sun, 2458303.502362774, 3058436.3895545024, -1329101.4905842592, -70529.34408015624, -0.0011731200454267294, -0.0003830283263865451, 8.117319332023881e-05, 1.988544e+30, 696300.0, 253.0, 184.0, 19.0, 9
   Mercury, 2458303.502362774, -49022768.62442798, -41538431.443135105, 1422273.9096045592, 19.81183346148198, -36.40646376186552, -4.792382632241049, 3.302e+23, 2440.0, 219.0, 206.0, 202.0, 1
     Venus, 2458303.502362774, -88943309.9729732, -57873965.35191009, 4463613.579953549, 18.08048761594996, -30.00390786818918, -1.4547887283752308, 4.8685e+24, 6051.8, 139.0, 125.0, 130.0, 2
     Earth, 2458303.502362774, 35006724.25093115, -150033215.5760829, -65060.94390425185, 28.63781081240658, 6.128275946335681, 0.0004461952238583251, 5.97219e+24, 6371.01, 0.0, 119.0, 190.0, 3
      Moon, 2458303.502362774, 35399186.84494646, -150092668.82296628, -91144.17513101888, 28.73710409842338, 7.105813078213175, -0.05975056350547044, 7.349e+22, 1738.0, 214.0, 213.0, 192.0, 0
      Mars, 2458303.502362774, 76184063.99703987, -200372313.64970312, -6036378.397861223, 23.661891381733916, 10.434959845625068, -0.36236126557905046, 6.4185e+23, 3389.9, 114.0, 81.0, 48.0, 4
   Jupiter, 2458303.502362774, -496960566.90630656, -636800483.2254355, 13757157.357304076, 10.105611488766657, -7.463119510272828, -0.1950824973731487, 8.9813e+26, 69911.0, 165.0, 145.0, 134.0, 5
    Saturn, 2458303.502362774, 133917509.97892024, -1506317609.7680357, 20946784.045890268, 9.07223966192223, 0.811908988432237, -0.374605072461303, 5.68319e+26, 58232.0, 227.0, 224.0, 192.0, 6
    Uranus, 2458303.502362774, 2599072776.011802, 1445609421.6336272, -28331768.260601886, -3.3642858498968593, 5.629507914805561, 0.06446188267770525, 8.68103e+25, 25362.0, 225.0, 238.0, 238.0, 7
   Neptune, 2458303.502362774, 4314401702.570204, -1201885972.1401968, -74984550.99387564, 1.421945715672811, 5.268212282456607, -0.1417307597634717, 1.0241e+26, 24624.0, 115.0, 172.0, 172.0, 8
     Pluto, 2458303.502362774, 1688049061.7302144, -4741546034.621398, 14115255.50539166, 5.223605220164151, 0.6674888403493596, -1.5901379740266033, 1.307e+22, 1195.0, 246.0, 221.0, 189.0, 0
     Bennu, 2458303.502362774, -17758750.655258108, -199959546.14555338, -20980229.24290094, 23.088358037467806, -0.8033194169661217, -0.17189296393377185, 78000000000.0, 0.2, 128.0, 128.0, 128.0, 0
Collisions: 
Closeness: 

Real moon: 3.143666932593246E+07, -1.479744771204807E+08, -3.038600401208550E+04,  2.887516682203518E+01,  6.902961666556210E+00, -6.640827759608925E-02
Predicted moon: 35399186.84494646, -150092668.82296628, -91144.17513101888, 28.73710409842338, 7.105813078213175, -0.05975056350547044